Algorithm,Distance,Rotation,Energy Cost,Num Waypoints,Returned to Start
AS,1132.2198486328125,1321.729248046875,154.65631103515625,31,True
MMAS,1010.1738891601562,750.4655151367188,130.56729125976562,26,False
